runtime,protocol,transport,tls,wire,configuration,workers,trial,arm_order,completed,elapsed_seconds,throughput_ops_s,avg_latency_ms,p50_latency_ms,p95_latency_ms,p99_latency_ms,timeouts,rejected,errors,invalid_replies,stale_replies,unfinished,active_workers,warmup_completed,server_cpu_seconds,cpu_sample_seconds,server_cpu_percent,server_rss_peak_bytes,server_threads_peak,cell_evidence
native-lion,rsl,tcp,False,native,unpin,1,1,1,35036,30.000720749,1167.8386093830043,0.8560623795524602,0.851967,1.376255,1.556479,0,0,0,0,70074,1,1,5746,67.00999999999999,30.003129230986815,223.34337023350548,30818304,3,/var/tmp/tla-rs-lion/reports/benchmarks/lion-runtime/max-throughput-confirm/rsl-c1/trial-1-unpin/native/evidence.json
csharp-ironfleet,rsl,tcp,False,ironfleet,unpin,1,1,2,31879,30.000662698,1062.6098603523587,0.9407416499262837,0.802815,1.646591,1.892351,0,0,0,0,63758,1,1,5288,267.8,30.003381799033377,892.5660506997506,186937344,134,/var/tmp/tla-rs-lion/reports/benchmarks/lion-runtime/max-throughput-confirm/rsl-c1/trial-1-unpin/csharp/evidence.json
csharp-ironfleet,rsl,tcp,False,ironfleet,unpin,1,2,1,31621,30.000132275,1054.0286859451855,0.9483833584326872,0.811007,1.654783,1.892351,0,0,0,0,63242,1,1,4987,268.45000000000005,30.00278562301537,894.7502521034912,184598528,130,/var/tmp/tla-rs-lion/reports/benchmarks/lion-runtime/max-throughput-confirm/rsl-c1/trial-2-unpin/csharp/evidence.json
native-lion,rsl,tcp,False,native,unpin,1,2,2,35115,30.000113153,1170.4955851637683,0.8541944250605155,0.851967,1.368063,1.531903,0,0,0,0,70234,1,1,150,66.99000000000001,30.001905534008984,223.28581737604225,33787904,3,/var/tmp/tla-rs-lion/reports/benchmarks/lion-runtime/max-throughput-confirm/rsl-c1/trial-2-unpin/native/evidence.json
native-lion,rsl,tcp,False,native,unpin,1,3,1,35162,30.000552393,1172.0450856832995,0.8530569316307377,0.856063,1.359871,1.523711,0,0,0,0,70326,1,1,5860,66.57000000000001,30.002517921035178,221.88137734042272,36495360,3,/var/tmp/tla-rs-lion/reports/benchmarks/lion-runtime/max-throughput-confirm/rsl-c1/trial-3-unpin/native/evidence.json
csharp-ironfleet,rsl,tcp,False,ironfleet,unpin,1,3,2,32116,30.000065383,1070.5310001823873,0.9337697627350853,0.802815,1.622015,1.843199,0,0,0,0,64236,1,1,5016,268.09000000000003,30.002215961983893,893.5673296255835,186245120,133,/var/tmp/tla-rs-lion/reports/benchmarks/lion-runtime/max-throughput-confirm/rsl-c1/trial-3-unpin/csharp/evidence.json
native-lion,rsl,tcp,False,native,unpin,2,1,1,38453,30.000726079,1281.7356452888134,1.5601429908459679,1.556479,2.654207,2.981887,0,0,0,0,76909,2,2,82,77.18,30.002384310995694,257.24622150018257,41754624,3,/var/tmp/tla-rs-lion/reports/benchmarks/lion-runtime/max-throughput-confirm/rsl-c2/trial-1-unpin/native/evidence.json
csharp-ironfleet,rsl,tcp,False,ironfleet,unpin,2,1,2,64386,30.00127511,2146.108782507678,0.9316081859876371,0.765951,1.744895,2.031615,0,0,0,0,128776,2,2,10324,377.87,30.00580244604498,1259.3230948562966,187899904,139,/var/tmp/tla-rs-lion/reports/benchmarks/lion-runtime/max-throughput-confirm/rsl-c2/trial-1-unpin/csharp/evidence.json
csharp-ironfleet,rsl,tcp,False,ironfleet,unpin,2,2,1,60681,30.000287548,2022.6806127411724,0.9884919400141725,0.790527,1.925119,2.260991,0,0,0,0,121363,2,2,9582,366.70000000000005,30.003305108984932,1222.1986833383444,186753024,152,/var/tmp/tla-rs-lion/reports/benchmarks/lion-runtime/max-throughput-confirm/rsl-c2/trial-2-unpin/csharp/evidence.json
native-lion,rsl,tcp,False,native,unpin,2,2,2,35741,30.001056597,1191.3247083295716,1.6783858474301223,1.556479,2.670591,2.998271,4,0,0,0,71487,2,2,2,71.59,30.002815086045302,238.61094298880454,38682624,3,/var/tmp/tla-rs-lion/reports/benchmarks/lion-runtime/max-throughput-confirm/rsl-c2/trial-2-unpin/native/evidence.json
native-lion,rsl,tcp,False,native,unpin,2,3,1,38182,30.000483555,1272.7128191117586,1.5711544344717405,1.572863,2.670591,2.998271,0,0,0,0,76369,2,2,101,76.66,30.002305045025423,255.51370098048758,39690240,3,/var/tmp/tla-rs-lion/reports/benchmarks/lion-runtime/max-throughput-confirm/rsl-c2/trial-3-unpin/native/evidence.json
csharp-ironfleet,rsl,tcp,False,ironfleet,unpin,2,3,2,63298,30.00143568,2109.8323651956644,0.9475740264621315,0.774143,1.761279,2.064383,0,0,0,0,126603,2,2,10100,374.12,30.004051461990457,1246.8982746344784,185339904,136,/var/tmp/tla-rs-lion/reports/benchmarks/lion-runtime/max-throughput-confirm/rsl-c2/trial-3-unpin/csharp/evidence.json
native-lion,rsl,tcp,False,native,unpin,4,1,1,38077,30.003380647,1269.0903217870307,3.1510221503269693,3.211263,5.144575,5.603327,0,0,0,0,76161,4,4,15,76.68,30.00394091400085,255.56642782288154,43487232,3,/var/tmp/tla-rs-lion/reports/benchmarks/lion-runtime/max-throughput-confirm/rsl-c4/trial-1-unpin/native/evidence.json
csharp-ironfleet,rsl,tcp,False,ironfleet,unpin,4,1,2,86029,30.000406813,2867.594447510001,1.3945037233258553,1.212415,2.359295,2.768895,0,0,0,0,172063,4,4,13655,447.94,30.00461770099355,1492.9035405945774,183832576,152,/var/tmp/tla-rs-lion/reports/benchmarks/lion-runtime/max-throughput-confirm/rsl-c4/trial-1-unpin/csharp/evidence.json
csharp-ironfleet,rsl,tcp,False,ironfleet,unpin,4,2,1,84765,30.000870358,2825.4180291604994,1.415389975378989,1.212415,2.424831,2.867199,0,0,0,0,169539,4,4,13020,440.63,30.005207226029597,1468.5117709093918,187977728,148,/var/tmp/tla-rs-lion/reports/benchmarks/lion-runtime/max-throughput-confirm/rsl-c4/trial-2-unpin/csharp/evidence.json
native-lion,rsl,tcp,False,native,unpin,4,2,2,37782,30.001100957,1259.3537835212187,3.1756261429781376,3.211263,5.144575,5.668863,0,0,0,0,75574,4,4,78,76.08,30.00284442002885,253.57595744892657,37474304,3,/var/tmp/tla-rs-lion/reports/benchmarks/lion-runtime/max-throughput-confirm/rsl-c4/trial-2-unpin/native/evidence.json
native-lion,rsl,tcp,False,native,unpin,4,3,1,37790,30.001570141,1259.6007416410641,3.1750790407250595,3.211263,5.177343,5.701631,0,0,0,0,75588,4,4,6375,76.04,30.002580041997135,253.44487005304353,41762816,3,/var/tmp/tla-rs-lion/reports/benchmarks/lion-runtime/max-throughput-confirm/rsl-c4/trial-3-unpin/native/evidence.json
csharp-ironfleet,rsl,tcp,False,ironfleet,unpin,4,3,2,86304,30.000914625,2876.7122962338685,1.39004116653921,1.220607,2.326527,2.686975,0,0,0,0,172616,4,4,13808,443.1,30.0058451690129,1476.7122789048792,189075456,149,/var/tmp/tla-rs-lion/reports/benchmarks/lion-runtime/max-throughput-confirm/rsl-c4/trial-3-unpin/csharp/evidence.json
native-lion,rsl,tcp,False,native,unpin,8,1,1,36224,30.004778807,1207.2743556286134,6.623827772719744,6.684671,10.092543,10.944511,0,0,0,0,72469,8,8,129,75.77,30.0054708889802,252.52061625810802,37052416,3,/var/tmp/tla-rs-lion/reports/benchmarks/lion-runtime/max-throughput-confirm/rsl-c8/trial-1-unpin/native/evidence.json
csharp-ironfleet,rsl,tcp,False,ironfleet,unpin,8,1,2,80444,30.001997274,2681.288157762533,2.9828719632042167,3.031039,4.292607,4.784127,0,0,0,0,160902,8,8,12882,423.53,30.00591472600354,1411.488381098954,184315904,176,/var/tmp/tla-rs-lion/reports/benchmarks/lion-runtime/max-throughput-confirm/rsl-c8/trial-1-unpin/csharp/evidence.json
csharp-ironfleet,rsl,tcp,False,ironfleet,unpin,8,2,1,83067,30.001114506,2768.7971386325403,2.8886551402241563,2.932735,4.161535,4.620287,0,0,0,0,166145,8,8,12882,429.4,30.005401360976975,1431.0756747898363,183816192,174,/var/tmp/tla-rs-lion/reports/benchmarks/lion-runtime/max-throughput-confirm/rsl-c8/trial-2-unpin/csharp/evidence.json
native-lion,rsl,tcp,False,native,unpin,8,2,2,36458,30.004833758,1215.0708880458114,6.581646843244281,6.651903,9.895935,10.682367,0,0,0,0,72937,8,8,6046,75.8,30.005311814020388,252.62193730838493,42844160,3,/var/tmp/tla-rs-lion/reports/benchmarks/lion-runtime/max-throughput-confirm/rsl-c8/trial-2-unpin/native/evidence.json
native-lion,rsl,tcp,False,native,unpin,8,3,1,36192,30.0043736,1206.2241486021223,6.629758988450487,6.782975,9.895935,10.485759,0,0,0,0,72403,8,8,6029,75.47,30.004786139994394,251.5265386257944,44863488,3,/var/tmp/tla-rs-lion/reports/benchmarks/lion-runtime/max-throughput-confirm/rsl-c8/trial-3-unpin/native/evidence.json
csharp-ironfleet,rsl,tcp,False,ironfleet,unpin,8,3,2,84920,30.001525337,2830.5227499640046,2.8256436120113047,2.850815,4.046847,4.554751,0,0,0,0,169857,8,8,13124,438.78,30.00651757698506,1462.282315414513,187596800,174,/var/tmp/tla-rs-lion/reports/benchmarks/lion-runtime/max-throughput-confirm/rsl-c8/trial-3-unpin/csharp/evidence.json
